Keywords,Full form
AK-12,
AK-47,
AK-74,
AK-103,
Barrett M82,
AK-130,
AK-630,
Bofors,
Agni-II,
Agni-III,
Agni-IV,
Agni-P,
Arrow 2,
Arrow 4,
BrahMos-II,
BrahMos-NG,
AGM-84H SLAM-ER,
AGM-86 ALCM,
AGM-158 JASSM,
3M-54 Klub,
AIM-7 Sparrow,
AIM-9 Sidewinder,
AIM-9X,
AIM-54 Phoenix,
AIM-260 JATM,
Astra,
AGM-65 Maverick,
AGM-88 HARM,
AGM-114 Hellfire,
AGM-179 JAGM,
Akash-NG,
Barak-8,
Barak ER,
2K12 Kub,
9K33 Osa,
Abrams X,
Altay,
BMP-1,
BMP-3,
Bionix,
Bradley,
BMD-1,
BMD-2,
BMD-3,
BMD-4,
BMPT Terminator,
BTR-4,
BTR-60,
BTR-70,
BTR-80,
BTR-82A,
Bumerang,
B1 Centauro,
B-1 Lancer,
B-2 Spirit,
B-21 Raider,
B-52 Stratofortress,
AC-130 Ghostrider,
AC-130 Spectre,
Bell AH-1 Cobra,
AH-1Z Viper,
Airbus Tiger HAD,
Bayraktar USV,
Aksungur UAV,
Abhyas UAV,
Airbus A330 MRTT,
Boeing C-32,
2S1 Gvozdika,
2S3 Akatsiya,
2S7 Pion,
2S19 Msta-S,
Advanced Towed Artillery Gun System (ATAGS),
BM-21 Grad,
BM-27 Uragan,
BM-30 Smerch,
LM 400 satellite platform,
2K22 Tunguska Gun-Missile Air Defence System,
Carrier Air Defence Tracked (CADET),
National Advanced Surface-to-Air Missile System (NASAMS),
ZSU-23-4M,
Sudarshan Close-In Weapon System (CIWS),
Akash NG,
Barak 8,
S-400,
Verba VSHORADS,
FGM-148 Javelin,
Nag Missile Carrier (NAMICA),
Joint Light Tactical Vehicle (JLTV),
Casspir,
OFB Aditya,
Kalyani M4,
Armoured Light Specialist Vehicle (ALSV),
Nuclear-Biological-Chemical (NBC) Reconnaissance Vehicle,
TATA Quick Reaction Fighting Vehicle (QRFV),
Stryker Infantry Carrier Vehicle (ICV),
CAESAR 6x6,
Powered Joint Direct Attack Munition (PJDAM),
Integrated Air and Missile Defense Battle Command System (IBCS),
Combat Vehicle 90,
BMP-2 Sarath (BMP-2M),
M2A4 Bradley,
Tata Kestrel,
K9 Vajra-T,
Anvil,
Akash Tarang,
Dassault Rafale,
F-16V Viper,
F-35 Lightning II,
Tejas Mk1A,
Milkor SuperSix MRGL,
AH-64 Apache,
Amogh,
ARCHER Mobile Howitzer,
Dhanush,
M777,
AK-203,
CAR816 A2,
Carl-Gustaf M4,
Indian Small Arms System Light Machine Gun (INSAS LMG),
Indian Small Arms System Rifle (INSAS),
SIG716,
PAC-3 MSE interceptor,
Ashok Leyland Field Artillery Tractor (FAT),
Switchblade 600,
FN M240B,
Precision Strike Missile (PrSM),
Carrier Mortar Tracked (CMT),
Mahindra Airawat,
Patria NEMO,
Constellation-class FFG,
CRN-91 Naval Gun,
Kavach MOD-II,
Saab Giraffe 4A,
Guided Multiple Launch Rocket System (GMLRS),
Pinaka,
9K58 Smerch,
TOS-1A Solntsepek,
Boeing CH-47F Chinook Block II,
M4 Carbine,
Barrett MRAD,
CAPTAS-4,
Wideband Global SATCOM-12 (WGS-12),
INS Arighat (SSBN),
Scorpène,
Type 212,
Yasen-Class,
Leopard 2A8,
Arjun Main Battle Tank Mk-1A,
Challenger 3,
Leopard 2A7,
M1A2 SEPv3 Abrams,
T-72M1 Ajeya,
T-90S Bhishma,
Bhishma Mk-3,
Zorawar,
AIM-120 AMRAAM,
Coyote,
Guidance Enhanced Missile-Tactical (GEM-T),
Lower Tier Air and Missile Defense Sensor (LTAMDS),
NASAMS,
PAC-3 MSE,
RIM-161 Standard Missile 3,
Standard Missile-6 (SM-6),
ELM-2080,
ELM-2084,
IAI Harop,
IAI Harpy,
Long Range Artillery (LORA),
Mini Harpy,
K2 Black Panther,
K600 Rhino,
K808 White Tiger,
AH-64E Apache,
C-17 Globemaster III,
CH-47F Chinook,
E-2D Advanced Hawkeye,
E-7 Wedgetail,
EA-18G Growler,
F-15EX Eagle II,
F-22 raptor,
F/A-18E/F Super Hornet,
KC-46 Pegasus,
P-8 Poseidon,
T-7A Red Hawk,
V-22 Osprey,
A-50U,
Airbus A400M Atlas,
AW101,
AW149,
AW159 Wildcat,
C-390 Millennium,
CH-53K,
Dornier 228,
KAI FA-50,
H145M,
H225M,
Hindustan Turbo Trainer-40,
TAI Hürjet,
Ilyushin Il-76MD-90A,
Ka-52,
KF-21 Boramae,
Light Utility Helicopter (LUH),
Leonardo M-346 Master,
Mi-28NM,
MiG-35,
NHIndustries NH90,
Su-35 Flanker-E,
T-50 Golden Eagle,
UH-60M Black Hawk,
Autonomous Truck-Mounted Ordnance System (ATMOS),
K239 Chunmoo,
K10 Ammunition Resupply Vehicle (ARV,
K77 FDCV,
AHS Krab,
Mk 41,
Mk 45,
Panzerhaubitze 2000,
RCH 155,
Amogha-III,
Fagot Launcher Adapted to Milan Equipment (FLAME),
Konkurs-M,
Milan-2T,
Smart Anti-Airfield Weapon (SAAW),
Torpedo Advanced Light (TAL),
Varunastra,
Amphibious Assault Vehicle (AAV7),
M1 Abrams,
Amphibious Combat Vehicle (ACV),
Patria AMV XP,
GTK Boxer,
Bushmaster,
BvS10,
Centauro II,
CV90,
Eagle V,
VBM Freccia,
Hawkei,
SEPECAT Jaguar,
Leclerc Main Battle Tank (MBT),
Leopard 2,
Lynx KF41,
Marder,
Merkava Mk 4,
Namer,
Patria AMV,
Piranha,
Piranha 5,
AS21 Redback,
VBMR-L Serval,
Arquus Sherpa Light,
Stryker,
T-14 Armata,
T-90M,
VBCI,
Wisent 2,
Integrated Defence Aids Suite (IDAS),
InfraRed Imaging System Tail,
Taurus KEPD 350,
AKERON LP,
AKERON MP,
ASRAAM,
Aster 15,
Aster 30,
Brimstone,
CAMM,
CAMM-ER,
DragonFire,
Exocet,
Exocet SM40,
Land Ceptor,
Martlet,
Meteor,
MICA,
Mistral,
SCALP,
Sea Ceptor,
Sea Venom,
SPEAR,
Storm Shadow,
VL MICA,
ATACMS,
Hellfire,
HIMARS,
Javelin,
LONGBOW,
LRASM,
Joint Strike Missile (JSM),
Naval Strike Missile (NSM),
Protector MCT,
AT4,
LOKE,
NLAW,
RBS 15,
RBS 70 NG,
Trackfire,
Avante 2200,
Belharra,
F126,
FREMM,
Kormoran II,
MEKO A-200,
MEKO A-300,
MMSC,
Type 212CD,
Type 214,
Type 26,
Type 31,
Type 45,
APG-79,
APG-81,
APG-83,
BriteCloud,
Captor-E,
Ceretron,
E-LynX,
Giraffe 1X,
Giraffe AMB,
Ground Master 200 Multi-Mission Compact (GM200 MM/C),
Ground Master 200,
Ground Master 400,
Kalaetron,
MUSS,
MUSS 2.0,
Sea Fire,
Sea Giraffe,
AN/MPQ-64A4 Sentinel,
SMART-L,
SPEXER 2000,
AN/SPY-6,
AN/SPY-7,
TRML-4D,
Twinvis,
Advanced Extremely High Frequency,
COSMO-SkyMed,
LGM-35A Sentinel,
Next-Generation Overhead Persistent Infrared,
SAR-Lupe,
Wideband Global SATCOM,
Hermes 450,
Hermes 900,
Hermes 900 StarLiner,
SIGMA 155,
Skylark 3,
SkyStriker,
MQ-20 Avenger,
MQ-1C Gray Eagle,
MQ-9B,
Protector RG Mk1,
MQ-9A Reaper,
MQ-9B SeaGuardian,
MQ-9B SkyGuardian,
MQ-28 Ghost Bat,
RQ-21A Blackjack,
MQ-25 Stingray,
ScanEagle,
MQ-8 Fire Scout,
MQ-8C Fire Scout,
RQ-4 Global Hawk,
MQ-4C Triton,
X-47B,
Bayraktar AKINCI,
TUSAŞ AKSUNGUR,
ALTIUS-600,
TUSAŞ ANKA,
Bayraktar TB2,
KARAYEL,
Bayraktar KIZILELMA,
Mohajer-6,
Orbiter 4,
CAMCOPTER S-100,
Shahed-136,
Switchblade,
V-BAT,
WARMATE,
Ghost shark,
Skynet 6,
sarab,
Twinsens,
sampson,
kodiak,
RAT 31,
leguan,
F125,
Bolide,
Dardo ,
Artillery,
Rocket,
Missile,
Air Defence,
Small Arms,
Machine Guns,
Sniper,
Grenade,
Ammunition,
Loitering Munitions,
Armoured Vehicles,
Naval Platforms,
Submarines,
Naval Weapons,
Aircraft,
Helicopters,
UAV,
Radar,
Sonar,
Electronic Warfare,
C4ISR Systems,
Mortar Systems,
Combat Vehicles,
Space Systems,
Bombs,
Warheads,
Fuzes,
Explosives,
Propellants,
interceptor,
Infantry Weapons,
Anti-Tank Weapons,
Tank,
Destroyers,
Frigates,
Corvettes,
rotorcraft,
Aerospace Systems,
Land Systems,
Counter-Drone Systems,
Howitzer,
FIGHTER JET,
MRO,
Drone,
Launcher,
Naval & Shipbuilding,
Assault Rifle,
Naval Twin Gun,
Ballistic Missile (MRBM),
Air-to-Air Missile,
Anti-Radiation Missile,
Air-to-Ground Missile,
Surface-to-Air Missile,
Main Battle Tank,
Armored Personnel Carrier,
Supersonic Heavy Bomber,
Gunship Aircraft,
Unmanned Combat Aerial Vehicle,
Rocket Launcher,
Stealth Strategic Bomber,
Wheeled Tank Destroyers,
Armoured Fighting Vehicles,
Airlifter,
Anti-Ship Missile,
Rail Gun,
Pistol,
Shotgun,
Grenade Launcher,
Rocket-Propelled Grenade (RPG),
Unmanned Ground Vehicle (UGV),
Air Superiority Fighter,
Anti-Submarine,
Hypersonic Glide,
Decoy,
Amphibious Assault,
Submarine Hunter-Killer (SSN),
fire and forget,
Battle Rifle,
21strategies,21strategies  
3rdiTech,3rdiTech 
AAI,AAI Corporation
ACAC,AVIC Commercial Aircraft Engine 
ACHLEITNER,ACHLEITNER Fahrzeugbau   Germany
ACMAT,ACMAT SAS
ADE,Aeronautical Development Establishment
AECC,Aero Engine Corporation of China
AEVEX,Aevex Aerospace LLC
AIM,AIM Infrarot-Module  
AM General,AM General  
AMZ,JSC Arzamas Machine-Building Plant
AQUILA Aviation,AQUILA Aviation  
ARES,Ares 
ARESIA,ARESIA
ARTEC,ARTEC  
ARX Landsysteme,ARX Landsysteme  
ARX Robotics,ARX Robotics  
AS Strategic,AS Strategic
ASELSAN,ASELSAN Deutschland  
ATAC,Airborne Tactical Advantage Company
ATEC,ATEC  
ATLAS ELEKTRONIK,ATLAS ELEKTRONIK  
ATR,Avions de Transport Régional GIE
AUTOFLUG,AUTOFLUG  
AVIC,Aviation Industry Corporation of China
AVNL,Armoured Vehicles Nigam   
AWC,Air Weapons Complex
AWD Trucks,AWD Trucks  
AWEIL,Advanced Weapons and Equipment India   
AXISCADES,Axiscades / Mistral Solutions
Aadyah Aerospace,Aadyah Aerospace Private   
Aarav Unmanned,Aarav Unmanned Systems Private   
Aaronia,Aaronia AG
Abeking & Rasmussen,Abeking & Rasmussen Schiffs- und Yachtwerft AG
Accord Software,Accord Software and Systems
Accuracy,Accuracy International  
Adani,Adani Defence & Aerospace
Adarga,Adarga   
Addsino,Addsino Co
Admiralty Shipyards,Admiralty Shipyards
Advanced Defense Systems,Advanced Defense Systems  
Aereus,Aereus  
Aerial IQ,Aerial IQ India Pvt  
AeroVironment,AeroVironment 
Aerobits,Aerobits  
Aerodata,Aerodata AG
Aerojet Rocketdyne,Aerojet Rocketdyne  
Aerolloy,Aerolloy Technologies
Aeronautics,Aeronautics Group  
Aeros,Aeros Corporation
Aerospace CH,Aerospace CH UAV Co
Aerospace Corporation,The Aerospace Corporation
Aerospace Precision,Aerospace Precision Products Co
Aerosun,Aerosun Corporation
Affinity Flying Training,Affinity Flying Training Services   
Agnikul Cosmos,Agnikul Cosmos Private   
Airbus,Airbus SE
Airrobot,Airrobot   & Co KG
Aisino,Aisino Corporation
Akademie der Bundeswehr,Akademie der Bundeswehr für Information und Kommunikation
Aladin,Aladin  
Alenia Marconi,Alenia Marconi Systems   
Allison Transmission,Allison Transmission  
Almaz-Antey,JSC Concern VKO Almaz-Antey
Alpha,Alpha Unmanned Systems
Alpine Armoring,Alpine Armoring
Alpine Eagle,Alpine Eagle  
Alseamar,Alseamar
AlsterAero,AlsterAero  
Altair,JSC Marine Scientific Research Institute of Radioelectronics Altair
Amphenol Tuchel,Amphenol Tuchel Electronics  
Ananth,Ananth Technologies   
Anduril,Anduril Industries 
Anhui Sun Create,Anhui Sun Create Electronics
Antey,Antey Concern
Antonov,Antonov Company
Apollo Micro,Apollo Micro Systems
Argon ST,Argon ST 
ArianeGroup,ArianeGroup Defence  
Arianespace,Arianespace SA
Armormax,Armormax
Arotech,Arotech Corporation
Arquus,Arquus SAS
Aryt,Aryt Industries  
Ashok Leyland,Ashok Leyland  
Ashot Ashkelon,Ashot Ashkelon Industries  
Asteria,Asteria Aerospace   
Astra Microwave,Astra Microwave Products   
Astrium,Astrium  
Astrome,Astrome Technologies Private   
Astronautics,Astronautics Corporation of America
Athos Defence,Athos Defence  
Aubert & Duval,Aubert & Duval SAS
Austal,Austal
Autel,Autel Robotics
Avantel,Avantel   
Avasarala Technologies,Avasarala Technologies   
AviChina,AviChina Industry & Technology Company   
Aviaconversiya,Aviaconversiya LLC
Avibras,Avibras
Avilus,Avilus  
Avio Aero,Avio Aero
Avnon,Avnon Group  
Avon,Avon Technologies plc
,Avon Protection
,Azad Engineering  
,B&T AG
BAE Systems,BAE Systems plc
BBA Defence,BBA Defence Services  
BDL,Bharat Dynamics   
BEL,Bharat Electronics   
BEML,BEML   
BEW,BEW Berliner Elektronik  
BHEL,Bharat Heavy Electricals   
BIG,BIG Bavarian Industries Group  
BIRD,BIRD Aerosystems  
BMC,BMC
BMS Defence,BMS Defence Germany  
BMT,BMT Group   
BSEL,Bet Shemesh Engines
BTE Technology,BTE Technology  
BWXT,BWX Technologies
Babcock,Babcock International Group plc
Barnaul,JSC Barnaul Cartridge Plant
Barrett,Barrett Firearms Manufacturing
Bath Iron Works,Bath Iron Works Corporation
Bayern-Chemie,Bayern-Chemie  
Baykar,Baykar Technologies
Becker Avionics,Becker Avionics  
Bell Textron,Bell Textron 
Bellatrix Aerospace,Bellatrix Aerospace Private   
Beretta,Fabbrica d'Armi Pietro Beretta
Beretta Defence,Beretta Defense Technologies
Berner & Mattner,Berner & Mattner Systemtechnik  
Bertin,Bertin Technologies
Bet Shemesh Engines,Bet Shemesh Engines Holdings (1997)  
Bharat Forge,Bharat Forge  
Big Bang Boom,Big Bang Boom Solutions Private   
Blackned,Blackned  
Blighter,Blighter Surveillance Systems   
Blohm+Voss,Blohm+Voss  
BlueBird,BlueBird Aero Systems
BlueHalo,BlueHalo
Bluefin Robotics,Bluefin Robotics Corporation
Boeing,The Boeing Company
Bohai Shipbuilding,Bohai Shipbuilding Heavy Industry
BotLab Dynamics,BotLab Dynamics Private   
BrahMos,BrahMos Aerospace Pvt  
Bremer Vulkan,Bremer Vulkan Verbund AG
Britten-Norman,Britten-Norman
Buck Neue Technologien,Buck Neue Technologien  
Busch PROtective,Busch PROtective  
C G Haenel,C G Haenel  
CAE Defence,CAE Defence & Security
CAE Germany,CAE Deutschland  
CALT,China Academy of Launch Vehicle Technology
CAMCO,Central Aircraft Manufacturing Company
CAP Scientific,CAP Scientific  
CASC,China Aerospace Science and Technology Corporation
,China Aerospace Science and Industry Corporation
CATIC,China National Aero-Technology Import & Export Corporation
,CBC Defence
,CEA Technologies
CEIEC,China National Electronics Import & Export Corporation
,CFF Fluid Control
CGN,China General Nuclear Power Group Co  
CILAS,CILAS SA
CIOMP,Changchun Institute of Optics Fine Mechanics and Physics
CIRCOR Germany,CIRCOR Deutschland  
CMN,Constructions Mécaniques de Normandie SAS
CMN Naval,CMN Naval SA
CNNC,China National Nuclear Corporation
COMAC,Commercial Aircraft Corporation of China
COMEC,CSSC Offshore & Marine Engineering
CONTROP,Controp Precision Technologies  
,CORDA  
,CPI Aerostructures 
CPMIEC,China Precision Machinery Import-Export Corporation
CRON Systems,CRON Systems Private   
CS Group,CS Group SA
CSGC,China South Industries Group Corporation
CSL,Cochin Shipyard   
CSRA,CSRA Deutschland  
CSSC,China State Shipbuilding Corporation   
CTA International,CTA International SA
CZ,Česká zbrojovka (CZ)
Callen-Lenz,Callen-Lenz Associates   
,Camero-Tech  
Cammell Laird,Cammell Laird (Shiprepairers & Shipbuilders)   
Carl Walther,Carl Walther   Sportwaffen
,Carl Zeiss Defense  
,Carl Zeiss Optronics  
Carmor,Carmor Integrated Vehicle Solutions  
Carron,Carron Company
,Cassidian  
Cassidian Electronics,Cassidian Electronics  
Celsius Tech,Celsius Tech Systems  
Centigon,Centigon LLC
Centum Electronics,Centum Electronics
CerbAir,CerbAir
Changhe,Changhe Aircraft Industries Corporation  
Chemring,Chemring Group plc
Chengdu Aircraft,Chengdu Aircraft Industrial Group Co  
Chess,Chess Technologies   
Chess Dynamics,Chess Dynamics  
China SpaceSat,China SpaceSat
Cobham,Cobham   
Cohort,Cohort plc
Colt,Colt's Manufacturing Company
Colt Canada,Colt Canada
Compagnie des Forges,Compagnie des Forges et Aciéries de la Marine et d'Homécourt
Condor,Condor Tecnologias Não Letais
Condor Systems,Condor Systems  
Condor Systemtechnik,Condor Systemtechnik  
CoreEL Technologies,CoreEL Technologies
Coventry Ordnance,Coventry Ordnance Works  
Crown Group,Crown Group Defence
Crye Precision,Crye Associates LLC
Cubic,Cubic Corporation
Cubic Defence,Cubic Defence Systems  
Curtiss-Wright,Curtiss-Wright Corporation
Cyberbit,Cyberbit  
Cyient DLM,Cyient DLM   
D-Fend,D-Fend Solutions  
D3H Defence,D3H Defence  
DCD,DCD Protected Mobility
DCX Systems,DCX Systems
DEA Defence,DEA Defence  
DG Flugzeugbau,DG Flugzeugbau  
DND,Dynamit Nobel Defence  
DREHTAINER,DREHTAINER  
DRS Advanced,DRS Advanced Technologies  
DRS Defence,DRS Defense Solutions  
DRS Germany,DRS Technologies Deutschland  
DRS Naval,DRS Naval Power Systems  
DSC Berlin,DSC Berlin  
DSIT,DSIT Solutions  
Daher,Daher SA
DaimlerChrysler Aerospace,DaimlerChrysler Aerospace AG
Dalian Shipbuilding,Dalian Shipbuilding Industry Company
Dassault,Dassault Aviation SA
Data Link Solutions,Data Link Solutions LLC
Data Patterns,Data Patterns India   
DataSec Defence,DataSec Defence  
Dedrone,Dedrone  
Defense Systems,JSC Defense Systems
Defsys Solutions,Defsys Solutions
Degtyarev,Degtyarev Plant
Delair,Delair SAS
Delta Scientific,Delta Scientific Corporation
Denel,Denel
Deployables Cubed,Deployables Cubed  
Dhaksha,Dhaksha Unmanned Systems Pvt  
Dhruva Space,Dhruva Space Private   
Diamond Aircraft,Diamond Aircraft Industries  
Diehl,Diehl Defence   & Co. KG
Digantara,Digantara Research and Technologies Private   
Donaustahl,Donaustahl  
Dornier,Dornier  
Drogo Aerospace,Drogo Aerospace Pvt  
DroneShield,DroneShield  .
Dux,JSC Dux
Dynamatic Technologies,Dynamatic Technologies
Dynetics,Dynetics 
EADS Deutschland,EADS Deutschland  
EADS Test,EADS Test and Technology  
ECA Group,ECA Group  
ECA Robotics,ECA Robotics  
ECIL,Electronics Corporation of India   
ECS,Enterprise Control Systems  
EDS Technologies,EDS Technologies  
EFW,EFW Elbe Flugzeugwerke  
ELAC Nautik,ELAC Nautik  
ELAC SONAR,ELAC SONAR  
ELOP,Elbit Systems Electro-Optics / ELOP
ELT Group,ELT Group  
EMT,EMT Ingenieurgesellschaft Dipl-Ing Hartmut Euer mbH
ENSCO,ENSCO 
EO Systems,EO Systems  
EOS,EOS   Electro Optical Systems
ESG,ESG Elektroniksystem und Logistik  
ESG HENSOLDT,ESG / HENSOLDT Multi Domain Solutions
ESG Softwaretechnik,ESG Softwaretechnik  
ESW,ESW  
EURO ENGINEERING,EURO ENGINEERING AG
EXPAL,EXPAL Systems
Economic Explosives,Economic Explosives    
Elbit Systems,Elbit Systems  
Elecon Engineering,Elecon Engineering
Electronic Defense Laboratories,Electronic Defense Laboratories
Elettronica,Elettronica
Elistair,Elistair SAS
Elmo,Elmo Motion Control
EloKa Technologie,EloKa Technologie  
Elsinore Defence,Elsinore Defence  
Elzéar Defense,Elzéar Defense SAS
Embraer Defence,Embraer Defence & Security
Emtan,Emtan Karmiel  
EndureAir,EndureAir Systems Private   
Escribano,Escribano Mechanical and Engineering
Esterline,Esterline Technologies Corporation
Eurenco,Eurenco SA
EuroDASS,EuroDASS consortium Germany
EuroSpike,EuroSpike  
EuroTRUST,EuroTRUST  
EuroTorp,EuroTorp SAS
EuroTrophy,EuroTrophy  
Euroatlas,Euroatlas  
Eurocopter,Eurocopter Deutschland  
Eurofighter,Eurofighter Jagdflugzeug  
Eurojet,Eurojet Turbo  
Euromissile,Euromissile GIE
Euronaval,Euronaval  
Europrop,EPI Europrop International  
Euroradar,Euroradar  
Eurosam,Eurosam GIE
Exail,Exail Technologies SAS
Exicom,Exicom
Exolaunch,Exolaunch  
Exosens,Exosens SA
Expal Deutschland,Expal Systems Deutschland  
Extra Aircraft,Extra Aircraft   & Co KG
EyeROV,IROV Technologies Private   
FAAC,FAAC Incorporated
FAUDI Aviation,FAUDI Aviation  
FFG,FFG Flensburger Fahrzeugbau Gesellschaft mbH
FFV,FFV Ordnance
FLIR,Teledyne FLIR LLC
FLIR Germany,FLIR Systems  
FMS Migun,F M S Enterprises Migun  
FMV Industry,FMV Industry Partners
FN America,FN America LLC
FN Herstal,FN Herstal S.A
FNSS,FNSS Defence Systems
Fauré Le Page,Fauré Le Page Paris SAS
Filtronic,Filtronic plc
Fincantieri,Fincantieri
First Defence,First Defence  
Flensburger Schiffbau,Flensburger Schiffbau-Gesellschaft mbH & Co KG
Flight Design,Flight Design  
Flying Wedge,Flying Wedge Defence & Aerospace Technologies Pvt  
Fonderie de Ruelle,Fonderie de Ruelle
Force Motors,Force Motors  
Force Protection Europe,Force Protection Europe  
Foster-Miller,Foster-Miller
Frequentis,Frequentis DefSec  
Fritz Werner,Fritz Werner Industrie-Ausrüstungen  
GE Aerospace,GE Aerospace
GEROH,GEROH   & Co KG
GIDS,Global Industrial & Defence Solutions
GIL,Gliders India   
GKN Aerospace,GKN Aerospace UK
GLARUN,GLARUN Technology
GM Defense,GM Defense LLC
GROB Aircraft,GROB Aircraft SE
GRSE,Garden Reach Shipbuilders & Engineers   
GSL,Goa Shipyard   
GTE Military,GTE Military Technology  
Gabler Maschinenbau,Gabler Maschinenbau  
GalaxEye,GalaxEye Space Solutions Private   
Garuda Aerospace,Garuda Aerospace Private   
General Atomics,General Atomics Aeronautical Systems
General Atomics Europe,General Atomics Europe  
General Dynamics,General Dynamics Corporation
General Robotics,General Robotics  
German Military Navigation,German Military Navigation and Detection  
German Naval Yards,German Naval Yards  
GermanDrones,GermanDrones  
Gibdock,Gibdock   
Global Strategic Technologies,Global Strategic Technologies
Glock,Glock Ges.m.b.H.
Godrej Precision,Godrej Precision Engineering
Graseby,Graseby   
Griff Aviation,Griff Aviation AS
Groupe Dassault,Groupe Industriel Marcel Dassault SAS
Guizhou Aircraft,Guizhou Aircraft Industry Corporation
Gurutvaa Systems,Gurutvaa Systems Pvt  
Gyrocam,Gyrocam Systems LLC
H&K,Heckler & Koch  
HAL,Hindustan Aeronautics   
HBC Radio,HBC Radio Communication  
HBL,HBL Power Systems
HDT Global,HDT Global  
HDW,Howaldtswerke-Deutsche Werft  
HENSOLDT,HENSOLDT AG
HENSOLDT Analytics,HENSOLDT Analytics  
HENSOLDT France,Hensoldt France SAS
HENSOLDT Optronics,HENSOLDT Optronics  
HENSOLDT Sensors,HENSOLDT Sensors  
HENSOLDT UK,HENSOLDT UK  
HFCL,HFCL   
HGH,HGH Infrared Systems
HIGHCAT,HIGHCAT  
HII,Huntington Ingalls Industries
HIT,Heavy Industries Taxila
HOS Technology,HOS Technology R&D  
HPS,HPS  
HS Produkt,HS Produkt d.o.o.
HSG Zander,HSG Zander  
HSL,Hindustan Shipyard   
HSW,Huta Stalowa Wola
Hanwha Aerospace,Hanwha Aerospace
Hanwha Germany,Hanwha Deutschland  
Hanwha Ocean,Hanwha Ocean
Harbin Aircraft,Harbin Aircraft Industry Group Co  
Harbin First Machinery,Harbin First Machinery Group
Harris,Harris Corporation  
Hart Armor,Hart Armor  
Hatch & Kirk,Hatch & Kirk  
Heckler & Koch USA,Heckler & Koch USA
Heilongjiang Northern Tools,Heilongjiang Northern Tools
Helsing,Helsing SE
Hemeria,Hemeria
Hemscheidt,Hemscheidt Fahrwerktechnik   & Co KG
High Energy Batteries,High Energy Batteries
High-Precision Systems,High-Precision Systems
Hirtenberger Defence,Hirtenberger Defence Systems  
Hirth Motoren,Hirth Motoren   & Co KG
Honeywell Aerospace,Honeywell Aerospace Technologies
Hongdu Aviation,Hongdu Aviation Industry Group  
Hooghly CSL,Hooghly Cochin Shipyard   
Hotchkiss,Société Anonyme des Anciens Établissements Hotchkiss et Cie
Hoverfly,Hoverfly Technologies 
Howa,Howa Machinery  
Huangpu Wenchong,Guangzhou Huangpu Wenchong Shipbuilding
Hubei Wanshan,Hubei Wanshan Special Vehicle Co  
Hudong-Zhonghua,Hudong-Zhonghua Shipbuilding Group Co  
Hydra Technologies,Hydra Technologies  
Hyundai Rotem,Hyundai Rotem Company
Hyundai WIA,Hyundai WIA
Hörmann Defence,Hörmann Defence Systems
IABG,IABG Technologiegesellschaft mbH
IABG Cybersecurity,IABG Cybersecurity  
IABG Defence,IABG mbH Defence Division
IAI,Israel Aerospace Industries  
IBD Deisenroth,IBD Deisenroth Engineering  
IDV Robotics,IDV Robotics   
IEE,Industrial Electronic Engineers
IMI Systems,IMI Systems  
INKAS,INKAS Armored Vehicle Manufacturing
INLEAP Photonics,INLEAP Photonics  
INTRO Aviation,INTRO Aviation  
IOL,India Optel   
IRRPL,Indo-Russian Rifles Private   
ITECH,ITECH IT-Security  
ITL Optronics,ITL Optronics  
IWI,Israel Weapon Industries  
Ilyushin,Ilyushin Aviation Complex
ImageSat,ImageSat International NV
Indo-MIM,Indo-MIM   
Indra,Indra Sistemas
Indra Germany,Indra Deutschland  
Inmarsat Germany,Inmarsat Deutschland  
Inner Mongolia First Machinery,Inner Mongolia First Machinery Group Co  
Inocea,Inocea Group  
Inpro Innovations,Inpro Innovations  
Insight Technology,Insight Technology Incorporated
Insitu,Insitu 
Intelligent Energy,Intelligent Energy  
Intelligent UK,Intelligent UK Holdings   
Inzpire,Inzpire   
Iridium Defence,Iridium Defence  
Iridium Germany,Iridium Communications  
Irving,Irving Shipbuilding
Israel Shipyards,Israel Shipyards  
Iveco Defence,Iveco Defence Vehicles
JCBL Armouring,JCBL Armouring Solutions
JMU,Japan Marine United
JOUAV,Chengdu JOUAV Automation Tech
JSW,Japan Steel Works
JUNGHANS,JUNGHANS Defence / JUNGHANS Microtec
JUNGHANS Defence,Junghans Microtec  
Jakson Group,Jakson Group
Jenoptik,Jenoptik Defence  
Jiangnan Shipyard,Jiangnan Shipyard
Jindal Defence,Jindal Defence Systems Private   
Johnnette Technologies,Johnnette Technologies Pvt  
KAI,Korea Aerospace Industries
KBM,KBM – Design Bureau of Machine Building
KBP,KBP Instrument Design Bureau
KDA,KDA Integrated Systems
,KNDS 
,Nexter Systems
KRAS,Kalyani Rafael Advanced Systems Pvt  
KRESS,KRESS Military Equipment
KRET,JSC Concern Radio-Electronic Technologies
KRISS,KRISS USA  
KSEW,Karachi Shipyard & Engineering Works
KSOE,Korea Shipbuilding & Offshore Engineering
KSPZ,Klimovsk Specialized Ammunition Plant
KSSL,Kalyani Strategic Systems   
KTRV,JSC Tactical Missiles Corporation
Kadet Defence,Kadet Defence Systems Pvt  
Kalashnikov,Kalashnikov Concern
Kaman,Kaman Corporation
Kamaz,PJSC Kamaz
Kappa Optronics,Kappa optronics  
Karman Space,Karman Space & Defense 
Katmerciler,Katmerciler
Kawasaki Heavy Industries,Kawasaki Heavy Industries  
Kaynes Technology,Kaynes Technology India   
Kayser-Threde,Kayser-Threde  
Kela Technologies,Kela Technologies  
Kelvin Hughes,Kelvin Hughes  
Kia Defence,Kia Defense
Kineco,Kineco   
Kineco Kaman,Kineco Kaman Composites India Private   
Kitron Defence,Kitron Defence
Komatsu Defence,Komatsu Defense Systems
Kombat Armouring,Kombat Armouring
Kometa,JSC Corporation for Special Purpose Space Systems Kometa
Kongsberg,Kongsberg Defence & Aerospace
Kratos,Kratos Defense & Security Solutions
Kratos Germany,Kratos Deutschland  
Krauss-Maffei,Krauss-Maffei  
Kremniy EL,JSC Group Kremniy EL
Krishna Defence,Krishna Defence and Allied Industries   
Kristall,GosNII Kristall OJSC
Kronstadt,Kronstadt Group
Kurganmashzavod,JSC Kurganmashzavod
L&T Defence,Larsen & Toubro Precision Engineering & Systems
L3 MAPPS,L3 MAPPS  
L3Harris,L3Harris Technologies
LIG Nex1,"LIG Nex1 Co.,  "
Lacroix,Groupe Lacroix SA
Lacroix Defence,Lacroix Defence  
Lapua,Lapua Oy
Larsen & Toubro,Larsen & Toubro  
Latécoère,Latécoère SA
Leonardo,Leonardo SpA
Liebherr Aerospace,Liebherr-Aerospace Lindenberg  
Liebherr Defence,Liebherr Defence Aerospace Systems
Lioré et Olivier,Lioré et Olivier
Lobaev,Lobaev Arms
Lockheed Martin,Lockheed Martin Corporation
Luna Ring,Luna Ring  
Lynkeos,Lynkeos Technology   Germany
Lynred,Sofradir  
Lürssen,Fr Lürssen Werft   & Co KG
M7 Aerospace,M7 Aerospace LLC
MAN Defence,MAN Truck & Bus SE Defence
MAN Energy,MAN Energy Solutions SE
MAS,Manufacture d'Armes de Saint-Étienne
MASS,Mass Consultants   
MBDA,MBDA SAS
MC2,MC2 Technologies
MD Helicopters,MD Helicopters LLC
MDL,Mazagon Dock Shipbuilders   
MGCS,MGCS Project Company  
MIDHANI,Mishra Dhatu Nigam   
MIL,Munitions India   
MIT,JSC Moscow Institute of Thermal Technology
MKE,Makine ve Kimya Endüstrisi
MKEK,MKEK  
MKU,MKU   
MMZ Avangard,Moscow Machine Building Plant Avangard
MSubs,MSubs / Submergence Group
MT Aerospace,MT Aerospace AG
MTAR,MTAR Technologies  
MTU Aero Engines,MTU Aero Engines AG
MW Military Supplies,MW Military Supplies  
MZKT,Minsk Wheel Tractor Plant
Magal,Magal Security Systems  
Mahindra Defence,Mahindra Defence Systems   
Major Defense Systems,Major Defense Systems Division
Malakhit,Malakhit Marine Engineering Bureau
Malloy,Malloy Aeronautics   
Marlborough,Marlborough Communications   
Marotta,Marotta Controls 
Marshall Aerospace,Marshall of Cambridge (Holdings)   
Martin-Baker,Martin-Baker  
Matra,Matra SA
Matra BAe Dynamics,Matra BAe Dynamics  
Matra Marconi Space,Matra Marconi Space  
Maxar,Maxar Technologies
Maxim Nordenfelt,Maxim Nordenfelt Guns and Ammunition Co  
McQ,McQ 
Meggitt,Meggitt  
Mehler,Mehler Vario System  
Meprolight,Meprolight (1990)  
Mer Group,Mer Group  
Mercedes Special Trucks,Mercedes-Benz Special Trucks  
Mercedes Special Vehicles,Mercedes-Benz Special Vehicles
Mercury,Mercury Systems
Merlinhawk,Merlinhawk Aerospace Pvt  
Mesko,Mesko
Metrix,Metrix UK  
MiG,MiG Corporation
MilDef,MilDef Group  
Milkor,Milkor
Mistral Solutions,Mistral Solutions Private   
Mitsubishi Electric,Mitsubishi Electric
Mitsubishi Heavy Industries,Mitsubishi Heavy Industries  
Moog,Moog 
Morinformsystem-Agat,JSC Concern Morinformsystem-Agat
Motovilikha,PJSC Motovilikha Plants
Mynaric,Mynaric AG
Mytishchi,OJSC Mytishchi Machine-Building Plant
ND SatCom,ND SatCom  
NEC,NEC Corporation
NELCO,NELCO   
NH Industries,NH Industries SAS Germany
NIBE,NIBE   
NII Stali,JSC Scientific Research Institute of Steel
NIIDAR,JSC NIIDAR
NIOA Defence,NIOA Defence
NNIIRT,JSC NNIIRT
NORINCO,China North Industries Group Corporation   
NORINCO International,NORINCO International
NP Aerospace,NP Aerospace   
NPO Avtomatiki,JSC NPO Avtomatiki
NPO Mash,NPO Mashinostroyenia
NRTC,National Radio & Telecommunication Corporation
Nammo,Nammo
Naval Group,Naval Group SA
Navantia,Navantia
Navistar Defense,Navistar Defense LLC
NewSpace,NewSpace Research & Technologies Pvt  
Nex Aero,Nex Aero  
Nexeya,Nexeya SAS
Nitrochemie,Nitrochemie Aschau  
Nobiskrug,Nobiskrug  
Norma,Norma Precision AB
Northrop Grumman,Northrop Grumman Corporation
Novadem,Novadem
Nurol,Nurol Makina
OHB,OHB System AG
OHB Astro,OHB Astro- und Feinwerktechnik  
OHB Cosmos,OHB Cosmos International Launch Services  
OHB Digital,OHB Digital Connect  
OIS Advanced,OIS Advanced Technology Private   
ORSIS,ORSIS / Promtechnology Group
OTO Melara Germany,OTO Melara Germany  
Omnipresent Robot,Omnipresent Robot Technologies Pvt  
Omnisys,Omnisys
Optimized Electrotech,Optimized Electrotech Pvt  
Orbit,Orbit Technologies  
Orbital Sciences,Orbital Sciences  
Oreltekmash,PJSC Oreltekmash
Oshkosh,Oshkosh Corporation
Oshkosh Defense,Oshkosh Defense LLC
Oto Melara,Oto Melara
Otokar,Otokar Otomotiv ve Savunma Sanayi
Oxley,Oxley Developments Company   
PAC,Pakistan Aeronautical Complex
PAE,PAE Deutschland  
PG Defence,PG Defence  
PGZ,Polska Grupa Zbrojeniowa
PIT-RADWAR,PIT-RADWAR
PLR Systems,PLR Systems Private   
PROCOM,PROCOM Antennen  
Panavia,Panavia Aircraft  
Panhard Défense,Panhard Défense SAS
Parachute Systems,Parachute Systems  
Paramount,Paramount Group
Paras Defence,Paras Defence and Space Technologies   
Parker Meggitt,Parker Meggitt
Parrot,Parrot SA
Patria,Patria Oyj
Pearson Engineering,Pearson Engineering
Peene-Werft,Peene-Werft  
Phoenix Dynamo,Phoenix Dynamo Manufacturing Co  
Photonis,Photonis / Exosens
Pilatus Germany,Pilatus Flugzeugwerke AG Germany
Pixxel,Pixxel Space Technologies Pvt  
Planet Labs,Planet Labs PBC
Plasan,Plasan Sasa  
Plath,Plath  
Plextek,Plextek   
Poly Technologies,Poly Technologies
Poongsan,Poongsan Corporation
Premier Explosives,Premier Explosives   
Prignitzer Industrie,Prignitzer Industrie  
ProDefence,ProDefence Systems  
Proekt-technika,LLC Corporation Proekt-technika
Proengin,Proengin
Prognost Systems,Prognost Systems  
Project Q,Project Q  
QNu Labs,QNu Labs Pvt  
QinetiQ,QinetiQ Group plc
Quantum Systems,Quantum Systems  
RADA,RADA Electronic Industries  
RAE Systems,RAE Systems 
RBSL,Rheinmetall BAE Systems Land  
RENK,RENK Group AG
RMMV,Rheinmetall MAN Military Vehicles  
RT,RT LTA Systems
RT Aerostats,RT Aerostats Systems  
RTI Mints,JSC Radiotechnical Institute named after Academician A L Mints
RTI Systems,JSC Concern RTI Systems
RTX,RTX Corporation
RUAG Ammotec,RUAG Ammotec  
RUAG Space,RUAG Space  
Racal,Racal Electronics plc
Raduga,Raduga Design Bureau
Rafael,Rafael Advanced Defense Systems  
Rangsons Aerospace,Rangsons Aerospace Pvt  
Raphe mPhibr,Raphe mPhibr Pvt  
Ratier-Figeac,Ratier-Figeac SAS
Rayzone,Rayzone Group  
Regulus Cyber,Regulus Cyber  
Rema Defence,Rema Defence Systems  
Remdiesel,Remdiesel
Renault Trucks,Renault Trucks SAS
Reutech,Reutech Radar Systems
Rhein-Flugzeugbau,Rhein-Flugzeugbau  
RheinTech,RheinTech  
Rheinmetall,Rheinmetall AG
Rheinmetall Denel,Rheinmetall Denel Munition
Rheinmetall Italia,Rheinmetall Italiana SpA
Robinson,Robinson Helicopter Company
Roboteam,Roboteam  
Robotican,Robotican  
Rohde & Schwarz,Rohde & Schwarz   & Co KG
Rohde & Schwarz Cyber,Rohde & Schwarz Cybersecurity  
Rohde & Schwarz SIT,Rohde & Schwarz SIT  
Roke,Roke Manor Research   
Roketsan,Roketsan A.Ş.
Rolls-Royce,Rolls-Royce Holdings plc
Roselectronika,JSC United Instrument Manufacturing Corporation
Roshel,Roshel
Rosomak,Rosomak SA
Rossell Techsys,Rossell Techsys  
Roxel,Roxel France
Royal Ordnance,Royal Ordnance plc
Rubin,Rubin Design Bureau
RusBITech,JSC RPA RusBITech
Ruselectronics,Ruselectronics
Russian Helicopters,Russian Helicopters
SASMOS HET,SASMOS HET Technologies  
SAST,Shanghai Academy of Spaceflight Technology
SC Group,SC Group Global   
SCISYS,SCISYS Group plc
SEA,Systems Engineering & Assessment   
SEC Industries,SEC Industries Pvt  
SENER,SENER Aeroespacial
SFC Energy,SFC Energy AG
SHF Communication,SHF Communication Technologies AG
SIATT,SIATT – Sistemas Integrados de Alto Teor Tecnológico
SIG Sauer,SIG SAUER   & Co KG
SMPP,SMPP Pvt  
SNCAM,Société Nationale de Constructions Aéronautiques du Midi
SNT Dynamics,SNT Dynamics
SOMUA,Société d'Outillage Mécanique et d'Usinage d'Artillerie
SPARTA,SPARTA 
SRC,SRC 
SRC Makeyev,State Rocket Center Academician V P Makeyev Design Bureau
SSS Defence,SSS Defence
SSTL,Surrey Satellite Technology   
ST Engineering,Singapore Technologies Engineering  
STARK Defence,STARK Defence Berlin  
STM,STM Savunma Teknolojileri Mühendislik A.Ş
STN Systems,STN Systems  
STW Spezialtechnik,STW Spezialtechnik  
SY Technology,SY Technology  
Saab,Saab AB
Sabena Technics,Sabena Technics SAS
Safran,Safran SA
Sagar Defence,Sagar Defence Engineering Pvt  
Sagem,Sagem  
Sako,Sako  .
Samtel Avionics,Samtel Avionics  
Sandeep Metalcraft,Sandeep Metalcraft Private   
Sansera Engineering,Sansera Engineering   
Satellogic,Satellogic 
Scania Defence,Scania Defence
Schiebel,Schiebel Corporation
Schilling Robotics,Schilling Robotics  
Schmeisser,Schmeisser  
Schmidt & Bender,Schmidt & Bender   & Co KG
Schneider et Cie,Schneider et Cie (Le Creusot)
Schottel Naval,Schottel   Naval Division
Schuberth,Schuberth  
Scipio Networks,Scipio Networks  
Selex Systems,Selex Systems Integration  
Sellier & Bellot,Sellier & Bellot a.s.
Sentek Global,Sentek Global LLC
Sentrycs,Sentrycs  
Severnaya Verf,Severnaya Verf
Sevmash,Sevmash
ShSZA,JSC Shumerlya Special Vehicles Plant
Shaanxi Aircraft,Shaanxi Aircraft Corporation
Shanghai Aircraft,Shanghai Aircraft Manufacturing Company
Shenyang Aircraft,Shenyang Aircraft Corporation
Shield AI,Shield AI  
Shilat Optronics,Shilat Optronics  
Short Brothers,Short Brothers plc
Shvabe,Shvabe Holding
Shyam VNL,Shyam VNL Private   
Sierra Nevada,Sierra Nevada Corporation
Sigma,Sigma Advanced Systems
SigmaVox,SigmaVox  
Sika Interplant,Sika Interplant Systems   
Sikorsky,Sikorsky Aircraft Corporation
SimiGon,SimiGon  
Six Robotics,Six Robotics  
Sky Sapience,Sky Sapience  .
Skydio,Skydio 
Skylance,Skylance  
Skylock,Skylock Systems  
Skyroot,Skyroot Aerospace Pvt  
Smart Shooter,Smart Shooter  
Smiths Group,Smiths Group plc
Socarenam,Socarenam SAS
Sodern,Sodern SAS
Sofema,Sofema SAS
Soframe,Soframe SAS
Solar Defence,Solar Defence & Aerospace  
Solar Industries,Solar Industries India   
Soltam,Soltam Systems  
Sonardyne,Sonardyne International   
Soyuz,Federal Center for Dual-Use Technologies Soyuz
Sozvezdie,Sozvezdie Concern
Space Vector,Space Vector Corporation
SpaceTech,SpaceTech  
SpearUAV,SpearUAV
Spectrum Astro,Spectrum Astro 
SpexAI,SpexAI 
Splav,Splav State Research and Production Enterprise
Starshield,SpaceX Starshield
Steatite,Steatite   
Stelia Aerospace,Stelia Aerospace SAS
Stellant,Stellant Systems
Steyr Arms,Steyr Arms  
Subaru Aerospace,Subaru Aerospace
Sukhoi,Sukhoi Company
Supacat,Supacat / SC Group
Survey Copter,Survey Copter
Syrma SGS,Syrma SGS Technology   
Systek Defence,Systek Defence  
TAI,Turkish Aerospace Industries
TASL,Tata Advanced Systems   
TAT Technologies,TAT Technologies  
TCL,Troop Comforts   
TDW,TDW  
TES Electronic,TES Electronic Solutions  
TISA Aerospace,TISA Aerospace Pvt  
TKMS,ThyssenKrupp Marine Systems  
TSAL,Tata Sikorsky Aerospace   
TT Electronics,TT Electronics plc
TYCOS,TYCOS Security  
Tactical Air Support,Tactical Air Support
Tactical Systems,Tactical Systems  
Tadiran,Tadiran Communications  
Taneja Aerospace,Taneja Aerospace & Aviation   
Tardid Technologies,Tardid Technologies Pvt  
Tata Advanced Materials,Tata Advanced Materials   
Tata Lockheed Martin,Tata Lockheed Martin Aerostructures   
Taurus,Taurus Systems  
Techmash,Techmash
TechnicAtome,TechnicAtome
Tecmash,JSC NPK Technologies of Mechanical Engineering
Teldat,Teldat  
Tele Optics,Tele Optics  
Teledyne,Teledyne Technologies Incorporated
Telespazio UK,Telespazio UK  
Telespazio VEGA,Telespazio VEGA Deutschland  
Telos,Telos Corporation
Terma,Terma  
Tesat-Spacecom,Tesat-Spacecom   & Co KG
Texelis,Texelis Defense / KNDS Mobility
Textron,Textron 
Thales,Thales Group
Thales Raytheon Systems,Thales Raytheon Systems SAS
ThalesRaytheonSystems,ThalesRaytheonSystems SAS
Threod Systems,Threod Systems  
Throttle Aerospace,Throttle Aerospace Systems Pvt  
Thüringer Industriewerk,Thüringer Industriewerk Ruhla  
Tomer,Tomer Israel Rocket Motors  
Tonbo,Tonbo Imaging
Tonbo Imaging,Tonbo Imaging India Private   
Torus Robotics,Torus Robotics Pvt  
Traversals AI,Traversals Analytics and Intelligence  
Trident Infosol,Trident Infosol Pvt  
Triumph Group,Triumph Group 
TsNIITochMash,TsNIITochMash
Tupolev,Tupolev PJSC
Turgis & Gaillard,Turgis & Gaillard SAS
Turkish Aerospace Germany,Turkish Aerospace Deutschland  
Tytan Technologies,Tytan Technologies  
TÜV Rheinland Defence,TÜV Rheinland Group Defence
UAC,PJSC United Aircraft Corporation
UAV Dach,UAV Dach  
UEC,United Engine Corporation
UMS SKELDAR,UMS SKELDAR AG
US Ordnance,U.S. Ordnance 
USC,JSC United Shipbuilding Corporation
UTC Aerospace,UTC Aerospace Systems  
UVision,UVision Air  .
Ultra Electronics,Ultra Electronics Holdings plc
Ultra Maritime,Ultra Maritime / Cobham Ultra
Umoe Mandal,Umoe Mandal
Unimech Aerospace,Unimech Aerospace & Manufacturing  
UralAZ,JSC Ural Automotive Plant
Uralvagonzavod,JSC Research and Production Corporation Uralvagonzavod
VARD Defence,VARD Defence
VEDA Aeronautics,VEDA Aeronautics Pvt  
VEM Technologies,VEM Technologies Private   
VINCORION,Vincorion Advanced Systems  
VNIIRT,JSC VNIIRT
VPK,Military Industrial Company VPK LLC
VSEL,Vickers Shipbuilding and Engineering  
VT Group,VT Group US operations
Vecros Technologies,Vecros Technologies Pvt  
Vega,Vega Radio Engineering Corporation
Vertex Aerospace,Vertex Aerospace  
Viasat Germany,Viasat  
Vickers,Vickers plc
Victrix,Victrix Armaments
Vidisco,Vidisco  
Vinnell,Vinnell Corporation
Volvo Defence,Volvo Defence Solutions
Vostochnaya Verf,JSC Vostochnaya Verf
Votkinsk Plant,JSC Votkinsk Plant
Vought Aircraft,Vought Aircraft Industries 
Vympel,Vympel NPO
Vympel Shipyard,JSC Vympel Shipyard
WABCO,WABCO Holdings  
WARGdrones,WARGdrones  
WB Group,WB Electronics S.A
WESCAM,L3Harris WESCAM
WEW,WEW Container Systems  
WFEL,WFEL
WIS,Wehrwissenschaftliches Institut für Schutztechnologien
WMG,WMG Waffentechnik  
WMW Technology,WMW Technology  
Walchandnagar,Walchandnagar Industries   
Wanshan,Wanshan Special Vehicle
Wegmann,Wegmann & Co  
Wegmann Electronic,Wegmann Electronic  
Welkit,Welkit SAS
Winchester,Winchester Ammunition
Wingcopter,Wingcopter  
Wuchang Shipbuilding,Wuchang Shipbuilding Industry Group
Wärtsilä SAM,Wärtsilä SAM Electronics  
XAC,Xi'an Aircraft Industrial Corporation
XADS,Xtreme Alternative Defense Systems  
XTEND,XTEND
YIL,Yantra India   
Yakovlev,Yakovlev
ZALA,ZALA Aero
Zen,Zen Technologies   
Zentauron,Zentauron  
Zeus Numerix,Zeus Numerix Pvt  
Zibar,Zibar  
Zlatmash,JSC Zlatoust Machine-Building Plant
Zuppa Geo,Zuppa Geo Navigation Technologies Pvt  
genua,genua  
hattec,Hattec  
ideaForge,ideaForge Technology   
mPrest,mPrest Systems  
secunet,secunet Security Networks AG
thyssenkrupp,thyssenkrupp AG
DRDO ,Defence Research and Development Organisation 
UAC,United Aircraft Corporation
Rostec,State Corporation Rostec (Russian Technologies State Corporation)
USC,United Shipbuilding Corporation
AVIC,Aviation Industry Corporation of China
CASIC,China Aerospace Science and Industry Corporation
CASC,China Aerospace Science and Technology Corporation
CETC,China Electronics Technology Group Corporation
CSSC,China State Shipbuilding Corporation
QinetiQ,QinetiQ Group plc
Babcock,Babcock International Group plc
Tactical Missiles Corporation,Tactical Missiles Corporation (KTRV)
NORINCO Group,China North Industries Group
CSGC,China South Industries Group Corporation
Rosoboronexport,Rosoboronexport
ADE,Aeronautical Development Establishment (DRDO Laboratory)
DSO,DSO National Laboratories
DSTA,Defence Science and Technology Agency
FMV,Försvarets materielverk Industry Partners
Watervliet Arsenal,Watervliet Arsenal
Anniston Army Depot,Anniston Army Depot
Rostec,Rostec State Corporation
Rosoboronexport,Rosoboronexport
CSGC,China South Industries Group Corporation
CEC,China Electronics Corporation
CSTC,China Shipbuilding Trading Company
CNNC,China National Nuclear Corporation
ONERA,Office National d'Études et de Recherches Aérospatiales
CEA-DAM,Directorate of Military Applications of the French Alternative Energies and Atomic Energy Commission
FMV,
DRSD,Direction du renseignement et de la sécurité de la défense
Eurocorps,Eurocorps Headquarters
PRIMUS,Association PRIMUS Défense & Sécurité
AEPD,Association des Entreprises Partenaires de la Défense
DARA,Defence Aviation Repair Agency
WTD 91,Wehrtechnische Dienststelle 91
WTD 61,Wehrtechnische Dienststelle 61
WTD 71,Wehrtechnische Dienststelle 71
BAAINBw,Bundesamt für Ausrüstung Informationstechnik und Nutzung der Bundeswehr
FKIE,Fraunhofer Institut für Kommunikation Informationsverarbeitung und Ergonomie
EMI,Fraunhofer Ernst-Mach-Institut
INT,Fraunhofer Institut für Naturwissenschaftlich-Technische Trendanalysen
FHR,Fraunhofer Institut für Hochfrequenzphysik und Radartechnik
IOSB,Fraunhofer Institut für Optronik Systemtechnik und Bildauswertung
OCCAR,Organisation for Joint Armament Cooperation
BWI,BWI  
HIL,Heeresinstandsetzungslogistik  
DLR Defence,German Aerospace Center Defence
DLR,Deutsches Zentrum für Luft- und Raumfahrt eV
Cyber Innovation Hub,Cyber Innovation Hub der Bundeswehr
BMVg,Bundesministerium der Verteidigung
WTD 81,Wehrtechnische Dienststelle 81
NATO C2COE,NATO Command and Control Centre of Excellence
EU OPSCEN,European Union Operations Centre
Universität der Bundeswehr,Universität der Bundeswehr München
HSU Hamburg,Helmut-Schmidt-Universität Hamburg
BSI,Bundesamt für Sicherheit in der Informationstechnik
Schutzkommission,Schutzkommission beim Bundesminister des Innern
IMF,Institut für Militärwesen und Finanzwirtschaft
German Air Force Simulation Center,German Air Force Simulation Center
Fraunhofer LBF,Fraunhofer Institut für Betriebsfestigkeit und Systemzuverlässigkeit LBF
Fraunhofer ICT,Fraunhofer Institut für Chemische Technologie ICT
Fraunhofer IFAM,Fraunhofer Institut für Fertigungstechnik und Angewandte Materialforschung IFAM
WIS,Wehrwissenschaftliches Institut für Schutztechnologien
Akademie der Bundeswehr,Akademie der Bundeswehr für Information und Kommunikation
Naval Air Establishment,Naval Air Establishment
Aerospace Corporation,The Aerospace Corporation (federally funded R&D center)
Okhrana,FGUP Okhrana of the Federal Service of National Guard Troops
FPI,Foundation for Advanced Research
TsNIIMash,FSUE TsNIIMash
DIO,Defence Innovation Organisation
NTRO,National Technical Research Organisation
Directorate of Ordnance,Directorate of Ordnance (Coordination & Services)
Fuze,
Warhead,
Explosive,
Detonator,
Initiator,
Primer,
Oxidizer,
Rocket,
Booster,
Nozzle,
Thrust Vector Control,
Engine,
Gas Turbine,
Nuclear Reactor,
Fuel Cell,
Cooling System,
GPS Module,
IMU (Inertial Measurement Units),
Ring Laser Gyroscope,
Magnetometer,
Barometric Sensor,
Air Data Sensor,
Flight Control System,
Signal Processor,
FPGA (Field-Programmable Gate Array) ,
ASIC ( Application-Specific Integrated Circuit),
Microprocessor,
Printed Circuit Board,
Wire Harness,
Connector,
Antenna,
RF Amplifier,
Oscillator,
GaN Chip,
TR Module,
Radar Array,
Hydrophone,
Transducer,
Towed Array,
Sonar Dome,
Thermal Imager,
FLIR Module,
IR Detector,
Heat Sensor,
CCD Sensor ( Charge-Coupled Device),
CMOS Sensor ( Complementary Metal-Oxide-Semiconductor) ,
Focal Plane Array,
Optical Lens,
Image Intensifier,
Laser Rangefinder,
Gimbal System,
Display Unit,
Fuselage,
Wing,
Control Fin,
Rotor Hub,
Pump Jet,
Landing Gear,
Air Intake,
Exhaust System,
Compressor,
Combustion Chamber,
Turbine Blade,
Afterburner,
Hull,
Turret,
Gun Barrel,
Autoloader,
Launcher,
Tube,
Vertical Launch Cell,
Ammunition Feed System,
Fire Control System,
Sight,
Actuator,
Servo Motor,
Hydraulic Pump,
Hydraulic Valve,
Bearing,
Transmission,
Power Pack,
Suspension System,
Track System,
Armour,
Composite Material,
Carbon Fibre,
Alloy,
Radar Absorbing Material,
ERA Tile,
Chaff Cartridge,
Flare,
Launcher,
Communication System,
Navigation System,
Combat Management System,
Electronic Warfare Suite,
Electronic Support Measures (ESM),
Electronic Countermeasures (ECM),
Periscope,
Gasket,
Infrared,
Radio Frequency,
Electro-magnetic Pulse (EMP),
Graphene,